{"type":"tfjs-model","weights":[{"shape":[13,16],"data":[0.24827174842357635,-0.42138150334358215,-0.0648903027176857,-0.07683179527521133,-0.07544141262769699,0.011057673953473568,0.07604744285345078,-0.3628106415271759,0.12230325490236282,-0.07598772644996643,0.4015046954154968,0.1441371738910675,0.06895017623901367,-0.15108135342597961,0.2254766970872879,-0.25114840269088745,-0.39298495650291443,0.12609882652759552,0.20162609219551086,0.4642657935619354,-0.036500558257102966,-0.2464093267917633,-0.07471534609794617,-0.38472622632980347,-0.03911178186535835,-0.29560762643814087,-0.042800575494766235,0.3597179353237152,-0.06388052552938461,-0.11798704415559769,0.2310924381017685,-0.40989208221435547,0.18247506022453308,0.09422532469034195,0.038122858852148056,-0.22290366888046265,0.2690267264842987,0.02290603704750538,-0.24361979961395264,-0.0447898730635643,0.04555504769086838,-0.38085657358169556,0.07017799466848373,-0.050920698791742325,-0.35763484239578247,-0.5201975107192993,-0.22637413442134857,-0.16259030997753143,0.41397324204444885,0.335158109664917,0.17134197056293488,0.08975129574537277,0.3527168929576874,-0.1487865298986435,0.12515857815742493,0.4540230333805084,-0.0009480612934567034,0.13951516151428223,0.04907512292265892,-0.18072006106376648,0.1696317344903946,-0.308109313249588,-0.35075417160987854,0.025591300800442696,0.20421768724918365,0.0820968896150589,-0.4184472858905792,0.031199533492326736,-0.06050265207886696,-0.36051130294799805,0.05070988088846207,0.2719157040119171,-0.08072389662265778,-0.06873010098934174,-0.12824702262878418,0.17584466934204102,0.018115676939487457,-0.26496756076812744,0.2583933174610138,-0.3384496569633484,-0.42602255940437317,-0.19920480251312256,-0.059231724590063095,-0.47329798340797424,-0.0916314348578453,0.0005327274557203054,-0.07398070394992828,0.2034541666507721,-0.24978487193584442,-0.29798778891563416,-0.10793551057577133,-0.08297538012266159,0.06415259838104248,-0.007721988018602133,-0.17872755229473114,-0.4401533603668213,0.15370258688926697,0.2559370994567871,-0.5186826586723328,-0.2101234346628189,-0.22189487516880035,0.13108645379543304,-0.24562743306159973,-0.030342141166329384,0.17874550819396973,0.03546829894185066,0.31040388345718384,-0.10216186195611954,-0.519313395023346,0.5111863613128662,-0.1721528172492981,0.07604532688856125,0.08748821169137955,-0.26528364419937134,-0.33889293670654297,0.05457405000925064,-0.06284074485301971,0.32460418343544006,-0.28153282403945923,-0.07508835196495056,-0.47579723596572876,0.14338791370391846,-0.2734779417514801,0.23222801089286804,0.11359739303588867,0.19255748391151428,-0.344657838344574,0.2692033648490906,0.061348702758550644,-0.2622166574001312,-0.02969365380704403,-0.20516934990882874,-0.01637517847120762,-0.3910481929779053,0.356677383184433,-0.22426989674568176,-0.14504766464233398,-0.3558715879917145,0.12631115317344666,-0.23446139693260193,0.2507745623588562,0.26691293716430664,-0.30870404839515686,0.12827168405056,0.01194271631538868,-0.18218256533145905,0.0473472960293293,-0.13022534549236298,0.23611512780189514,-0.3837641775608063,-0.15575942397117615,-0.17264585196971893,-0.10483545064926147,0.03515607491135597,-0.30162468552589417,0.08672332763671875,-0.20489352941513062,-0.11443901807069778,-0.4954394996166229,-0.2260882705450058,-0.0321323499083519,0.1618756502866745,0.11080310493707657,-0.2801322042942047,-0.0802900493144989,0.12982378900051117,0.015984373167157173,-0.39087966084480286,-0.283418208360672,0.2524620294570923,-0.13702255487442017,0.12790623307228088,-0.100922130048275,-0.24426092207431793,-0.07862444221973419,0.14211691915988922,-0.4546777009963989,-0.029919033870100975,-0.04017167538404465,0.26745450496673584,-0.18396462500095367,-0.1678658276796341,0.10702268779277802,-0.22199590504169464,0.2424771785736084,0.044035010039806366,-0.053434234112501144,0.173071026802063,-0.23123908042907715,0.25111979246139526,-0.07383592426776886,-0.27563655376434326,-0.11052742600440979,0.115572489798069,-0.3068799078464508,-0.10589536279439926,-0.25519052147865295,-0.05751581862568855,0.1286235898733139,-0.20120716094970703,-0.23648329079151154,-0.07736614346504211,-0.01525784283876419,-0.3319547176361084,0.06805597990751266,-0.00421383511275053,-0.03992995619773865,0.08992593735456467]},{"shape":[16],"data":[0,0,0,0,0,0,0,0,0,0,0,0,0,0,0,0]},{"shape":[16,12],